"Name","Url","DataSource","ExtractedDate","Firm_","Address","Contact","Position","Mobile_No_","PostalAddress","Email","Maintenance_and_General_Works_Group","PrequalificationCategories","Letter"
"S &amp; L Maintenance Pty Ltd","https://webapps.vicroads.vic.gov.au/vrne/prequal.nsf/b5fea222939e6f00ca25783e000334ef/10f3add6fa5d24a7ca2581410007ecd5?OpenDocument","Fresh","2026-01-21 16:06:13","S & L Maintenance Pty Ltd","167 -181 Old Melbourne Road, LITTLE RIVER VIC 3211","Mr Stuart Anderson","Director","0425 863 951","PO BOX 131, LITTLE RIVER VIC 3211&nbsp","admin@sl-m.com.au","Maintenance: Maintenance Bridges (M2-BW), Maintenance Works-Minor (M1); General Works: General Works-Minor (G1), Sign Erection-Major (G2-SE)","BW, ERECTION-MAJOR, M1, M2-BW, SE, SIGN, WORKS-MINOR","S"
"S &amp; N Road Stabilising Pty Ltd","https://webapps.vicroads.vic.gov.au/vrne/prequal.nsf/b5fea222939e6f00ca25783e000334ef/2410c8d6ebcb0910ca25849d00759033?OpenDocument","Fresh","2026-01-21 16:06:13","S & N Road Stabilising Pty Ltd","7718 Midland Highway, MAGPIE VIC 3352","Mr Sam Phelan","Director","0429 894 467","""As Above"", &nbsp","sam@snroadstabilising.com.au","Maintenance: Maintenance Pavements (M2-PW), Maintenance Works-Minor (M1); General Works: General Works-Minor (G1)","M1, M2-PW, PW, WORKS-MINOR","S"
"S &amp; R Engineering and Construction Pty Ltd","https://webapps.vicroads.vic.gov.au/vrne/prequal.nsf/b5fea222939e6f00ca25783e000334ef/57e195092674cf8fca258ae6001959bc?OpenDocument","Fresh","2026-01-21 16:06:14","S & R Engineering and Construction Pty Ltd","228 Marong Rd , Maiden Gully VIC 3551","Mr Clayton Holmes","Project Manager","0439 427 129","""As Above"", &nbsp","Clayton.holmes@sandr.com.au",,"F015, R1","S"
"S &amp; Z Australia Pty Ltd","https://webapps.vicroads.vic.gov.au/vrne/prequal.nsf/b5fea222939e6f00ca25783e000334ef/fca6fa7a5aebdaf3ca25848e007fddd0?OpenDocument","Fresh","2026-01-21 16:06:15","S & Z Australia Pty Ltd","18 Logistics Street, KEILOR PARK VIC 3042","Mr Anthony Merlino","Project Manager",,"PO Box 141 , NORTH ESSENDON VIC 3041&nbsp","anthony@sandz.com.au","General Works: General Works-Minor (G1)","WORKS-MINOR","S"
"Safe Civil Solutions**","https://webapps.vicroads.vic.gov.au/vrne/prequal.nsf/b5fea222939e6f00ca25783e000334ef/3e2a2b20bd7af988ca258067001a3b44?OpenDocument","Fresh","2026-01-21 16:06:15","Payne Pit Installations Pty Ltd","310 A'Beckett Road, BUNYIP VIC 3815","Ms Allanah Ockwell",,"0438 298 561","""As Above"", &nbsp","office@maincivil.com.au",,,"S"
"Safe System Solutions Pty Ltd","https://webapps.vicroads.vic.gov.au/vrne/prequal.nsf/b5fea222939e6f00ca25783e000334ef/8a9b918bf141a854ca257c58001276b9?OpenDocument","Fresh","2026-01-21 16:06:16","Safe System Solutions Pty Ltd","Office G2 10-14 Hope Street, BRUNSWICK VIC 3056","Mr Kenn Beer","Principal","0401 345 461","""As Above"", &nbsp","kenn.beer@safesystemsolutions.com.au",,"CF, HC, PAM, PRN, PRS, RISK, RM, ROAD, TAR, TOF, TOS, TSD, TTF","S"
"Safer Roads Traffic Management Australia Pty Ltd","https://webapps.vicroads.vic.gov.au/vrne/prequal.nsf/b5fea222939e6f00ca25783e000334ef/fb85f9de2e710a5dca25812b0003783f?OpenDocument","Fresh","2026-01-21 16:06:17","Safer Roads Traffic Management Australia Pty Ltd","44 Wehlow Street, MT DRUITT NSW 2770","Ms Nicole Chemouni","Director / Secretary","0403 530 633","""As Above"", &nbsp","info@saferroads.com.au",,,"S"
"Saferoads Pty Ltd","https://webapps.vicroads.vic.gov.au/vrne/prequal.nsf/b5fea222939e6f00ca25783e000334ef/6710d27887a9c174ca256d67001f94cd?OpenDocument","Fresh","2026-01-21 16:06:17","Saferoads Pty Ltd","22 Commercial Drive, PAKENHAM 3810 3810","Mr Darren Hotchkins","Managing Director","0419 512 850","PO Box 2030, PAKENHAM VIC 3810&nbsp","sales@saferoads.com.au","General Works: Guardfence (G2-GF)","GF","S"
"Safety Barrier Solutions Pty Ltd","https://webapps.vicroads.vic.gov.au/vrne/prequal.nsf/b5fea222939e6f00ca25783e000334ef/49271481836fd551ca2579bb00205342?OpenDocument","Fresh","2026-01-21 16:06:18","Safety Barrier Solutions Pty Ltd","61 National Drive, PAKENHAM VIC 3810","Mr Shane McCann","Project Manager",,"""As Above""&nbsp","sales@safetybarriersolutions.com.au","General Works: Guardfence (G2-GF)","GF","S"
"SAGE Automation**","https://webapps.vicroads.vic.gov.au/vrne/prequal.nsf/b5fea222939e6f00ca25783e000334ef/068ab3f774eebf66ca2579ac00048751?OpenDocument","Fresh","2026-01-21 16:06:18","SAGE Automation Pty Ltd","Level 21, HWT Tower, 40 City Road, Southbank VIC 3006","Mr Paul Markwick","General Manager","0419 030 561","As above, &nbsp","paul.markwick@gotosage.com",,"OF, ON, ON-ROAD, ROAD, SCTV, SOED, SSLC, STCE","S"
"SALT3**","https://webapps.vicroads.vic.gov.au/vrne/prequal.nsf/b5fea222939e6f00ca25783e000334ef/eeb0b86ae689e515ca257e6700031e74?OpenDocument","Fresh","2026-01-21 16:06:19","Sustainable Transport Surveys Pty Ltd atf ST Surveys Unit Trust","Level 6, 360 Collins Street, MELBOURNE VIC 3000","Ms Jo Garretty","Director",,"""As Above"", &nbsp","melbourne@salt3.com.au",,"DMR, DSD, PAM, PRN, PRS, ROAD, TAR, TOS, TPF, TSD, TSM, TTF","S"
"Samsung C&amp;T Corporation","https://webapps.vicroads.vic.gov.au/vrne/prequal.nsf/b5fea222939e6f00ca25783e000334ef/825dfc2cf928004bca258861001482ac?OpenDocument","Fresh","2026-01-21 16:06:20","Samsung C&T Corporation","Level 2, 44 Market Street, SYDNEY NSW 2000","Mr Mark Curzon","Business Development Manager","0488 480 122","""As Above"", &nbsp","mark.curzon@samsung.com",,"B4, F150+, R5","S"
"Sandridge Roads Pty Ltd","https://webapps.vicroads.vic.gov.au/vrne/prequal.nsf/b5fea222939e6f00ca25783e000334ef/f0b84cdbdabc5fafca256d6d001b941d?OpenDocument","Fresh","2026-01-21 16:06:20","Sandridge Roads Pty Ltd","410 Tooradin Station Road, DALMORE VIC 3981","Ms Rachelle Saunders","QA Manager, OH&S Co-ordinator","0407 862 065","P O Box 69, TOORADIN VIC 3980&nbsp","rachelle@sandridgeroads.com.au",,"F025, R2","S"
"Sands Civil Group Pty Ltd","https://webapps.vicroads.vic.gov.au/vrne/prequal.nsf/b5fea222939e6f00ca25783e000334ef/7e5447a7fc959864ca257f7d0000eaf9?OpenDocument","Fresh","2026-01-21 16:06:21","Sands Civil Group Pty Ltd","Unit 3 Guelph Street, SOMERVILLE VIC 3912","Mr Sagar Aher","Engineer","0403 594 846","P O Box 916, SOMERVILLE VIC 3912&nbsp","admin@sandscivilgroup.com.au",,,"S"
"Seed Engineering Pty Ltd","https://webapps.vicroads.vic.gov.au/vrne/prequal.nsf/b5fea222939e6f00ca25783e000334ef/f822166feda9265bca25814c001dba21?OpenDocument","Fresh","2026-01-21 16:06:22","Seed Engineering Pty Ltd","Suite 6.09, 55 Miller Street, PYRMONT NSW 2009","Mrs Nina Kilpinen","Managing Director","0407 205 709","""As Above"", &nbsp","info@seedenigneering.com.au",,"FIR, FVR, OF, PAM, PRN, PRS, ROAD, TAR, TOF, TOS, TPF, TTF","S"
"Senversa Pty Ltd","https://webapps.vicroads.vic.gov.au/vrne/prequal.nsf/b5fea222939e6f00ca25783e000334ef/8a5bbf1208244bb7ca2577b6001ec2fd?OpenDocument","Fresh","2026-01-21 16:06:22","Senversa Pty Ltd","Level 6, 15 William Street, MELBOURNE VIC 3000","Mr Neil Thomson","Principal","+61 499 771 822","""As Above"", &nbsp","Neil.Thomson@senversa.com.au",,"DES, GT, GT-DES, GT-GWH, GT-INV, GWH, INV","S"
"Service Stream Maintenance Pty Ltd","https://webapps.vicroads.vic.gov.au/vrne/prequal.nsf/b5fea222939e6f00ca25783e000334ef/84cbf3d1a12ffb2bca25876c001790a2?OpenDocument","Fresh","2026-01-21 16:06:23","Service Stream Maintenance Pty Ltd","Level 5, 655 Collins Street, DOCKLANDS VIC 3008","Mr Clynton Husband","General Manager - Strategy and Growth","0478 740 290","PO Box 14570, Melbourne VIC 8001&nbsp","Clynton.husband@servicestream.com.au","Maintenance: Maintenance Bridges (M2-BW), Maintenance Pavements (M2-PW), Maintenance Roadsides (M2-RW)","B1, BW, F150+, M2-BW, M2-PW, M2-RW, PW, R2, RW, SCTV, SSLC, STCE","S"
"Seven Creeks Excavations Pty Ltd","https://webapps.vicroads.vic.gov.au/vrne/prequal.nsf/b5fea222939e6f00ca25783e000334ef/c4d77e4767cead90ca2584f70016f121?OpenDocument","Fresh","2026-01-21 16:06:24","Seven Creeks Excavations Pty Ltd","7-9 Garrett Street, EUROA VIC 3666","Mr Rowan Burton","Director","0418 297 990","PO BOX 28, EUROA VIC 3666&nbsp","Sc.excavations@bigpond.com",,"B1, F005, R1","S"
"Seymour Whyte Constructions Pty Ltd","https://webapps.vicroads.vic.gov.au/vrne/prequal.nsf/b5fea222939e6f00ca25783e000334ef/e0ce1c460075791dca257e2d00193c5f?OpenDocument","Fresh","2026-01-21 16:06:24","Seymour Whyte Constructions Pty Ltd","Suite 3.04 Level 3 , 11 Queens Road, MELBOURNE VIC 3004","Mrs Annette Hitchcox","Senior Proposals Coordinator","0458 070 266","PO Box 4436, EIGHT MILE PLAINS QLD 4113&nbsp","Annette.hitchcox@seymourwhyte.com.au",,"B4, F150+, R5","S"
"SGS Australia Traffic Systems**","https://webapps.vicroads.vic.gov.au/vrne/prequal.nsf/b5fea222939e6f00ca25783e000334ef/01c6675bd1052521ca256e62000721af?OpenDocument","Fresh","2026-01-21 16:06:25","SGS Australia Pty Ltd","10 / 585 Blackburn Road, NOTTING HILL VIC 3168","Mrs Yiling Liang","Business Manger - Traffic Systems","0436 940 741","PO Box 32 , WELSHPOOL WA 6105&nbsp","Yiling.Liang@sgs.com",,"E-EMS, EMS, PRS, ROAD","S"
"Shamrock Civil Engineering Pty Ltd","https://webapps.vicroads.vic.gov.au/vrne/prequal.nsf/b5fea222939e6f00ca25783e000334ef/b09883db8ed635fbca2582890005a240?OpenDocument","Fresh","2026-01-21 16:06:25","Shamrock Civil Engineering Pty Ltd","195 Cobalt Street, CAROLE PARK QLD 4300","Mr Gio Beretta","Systems Manager","0457 320 071","P O Box 207, ELLEN GROVE QLD 4078&nbsp","gioberetta@shamrockcivil.com.au",,"B2, F075, R3","S"
"Shenoc Pty Ltd","https://webapps.vicroads.vic.gov.au/vrne/prequal.nsf/b5fea222939e6f00ca25783e000334ef/9d734812b77d8a58ca257738001fac63?OpenDocument","Fresh","2026-01-21 16:06:26","Shenoc Pty Ltd","55 Sharps & Taylors Road, TALLAROOK VIC 3659","Mr Warrick Kendell","Director","0417 567 667","""As Above"", &nbsp","kendell.w@bigpond.com","General Works: Grass Cutting (G2-GC)","GC","S"
"SHS Civil **","https://webapps.vicroads.vic.gov.au/vrne/prequal.nsf/b5fea222939e6f00ca25783e000334ef/ebdf0ae65543e7a6ca2575bb007e6ad4?OpenDocument","Fresh","2026-01-21 16:06:27","S T Hamilton & Sons Construction Pty Ltd","72 Port Fairy Road, ARARAT VIC 3377","Mr Jacob Hamilton","Operational Manager","0407 814 336","""As Above""&nbsp","admin@shscivil.com.au","Maintenance: Maintenance Bridges (M2-BW), Maintenance Pavements (M2-PW), Maintenance Roadsides (M2-RW), Maintenance Works-Minor (M1); General Works: Grass Cutting (G2-GC), Road Surfacing Sprayed Seal (G2-RSS)","B1, BW, F001, GC, M1, M2-BW, M2-PW, M2-RW, PW, R2, ROAD, RSS, RW, SEAL, WORKS-MINOR","S"
"SICE Pty Ltd","https://webapps.vicroads.vic.gov.au/vrne/prequal.nsf/b5fea222939e6f00ca25783e000334ef/e73009b7121c6071ca2583eb000b5e3d?OpenDocument","Fresh","2026-01-21 16:06:27","SICE Pty Ltd","200 Carlisle St.,, ST KILDA VIC 3182","Mr Carlos Granados","Business Development Manager","(+61) 472 507 300","""As Above"", &nbsp","cagranados@sice.com",,"TAR, TCA, TMC, TOF","S"
"Sidra Solutions**","https://webapps.vicroads.vic.gov.au/vrne/prequal.nsf/b5fea222939e6f00ca25783e000334ef/1f819780bce47de4ca256d0a000735b8?OpenDocument","Fresh","2026-01-21 16:06:28","Akcelik & Associates Pty Ltd","Suite 1, 291 Doncaster Road, BALWYN NORTH VIC 3104","Mr Sevim Akcelik","Manager Operations & Quality","0419 755 954","PO BOX 1075G, GREYTHORN VIC 3104&nbsp","info@sidrasolutions.com",,"DBS, DMR, DSD, TAR, TMC, TOF, TOS, TSM, TTF","S"
"Signs Traffic Management Pty Ltd","https://webapps.vicroads.vic.gov.au/vrne/prequal.nsf/b5fea222939e6f00ca25783e000334ef/ea9da8ed451930dfca2587ad0013fac4?OpenDocument","Fresh","2026-01-21 16:06:29","Signs Traffic Management Pty Ltd","37 Denbeigh Close, MOOLAP VIC 3224","Mr Ben Kirk","Managing Director","0421 754 566","""As Above"", &nbsp","admin@signstrafficmanagement.com.au",,,"S"
"Silman Bros Asphalting Pty Ltd","https://webapps.vicroads.vic.gov.au/vrne/prequal.nsf/b5fea222939e6f00ca25783e000334ef/2e85dec519a5d6acca257ec1001edf2e?OpenDocument","Fresh","2026-01-21 16:06:29","Silman Bros Asphalting Pty Ltd","42 Yellowbox Drive, CRAIGIEBURN VIC 3064","Mr Grant Silman","Director","0430 773 169","""As Above"", &nbsp","info@silmanbros.com.au","Maintenance: Maintenance Pavements (M2-PW), Maintenance Works-Minor (M1)","M1, M2-PW, PW, WORKS-MINOR","S"
"Silverstrand Developments Pty Ltd","https://webapps.vicroads.vic.gov.au/vrne/prequal.nsf/b5fea222939e6f00ca25783e000334ef/3f6c72551c27b40fca25868e007fc284?OpenDocument","Fresh","2026-01-21 16:06:30","Silverstrand Developments Pty Ltd","17/16 Metroplex Avenue, MURARRIE, QLD 4172","Mr Kieran Hale","Senior Estimator","0412 149 708","""As Above"", &nbsp","Estimating@silverstrand.com.au",,"B3, F100, R2","S"
"Simpson Construction Company Pty Ltd","https://webapps.vicroads.vic.gov.au/vrne/prequal.nsf/b5fea222939e6f00ca25783e000334ef/30c7c8cbb8765571ca256d0b00171c49?OpenDocument","Fresh","2026-01-21 16:06:30","Simpson Construction Company Pty Ltd","4 Duffy Street, BURWOOD VIC 3125","Mr Tom Simpson","Company Director",,"""As Above""&nbsp","office@simcon.com.au",,"B3, F010, R2","S"
"Site Geotechnical Pty Ltd","https://webapps.vicroads.vic.gov.au/vrne/prequal.nsf/b5fea222939e6f00ca25783e000334ef/96bd1d4416a839f3ca25794b007bf38f?OpenDocument","Fresh","2026-01-21 16:06:31","Site Geotechnical Pty Ltd","4/8 Cannery Court, TYABB VIC 3913","Mr Frank Tostovrsnik","Managing Director","0434 268 660","""As Above"", &nbsp","frank@sitegeo.com.au",,"AND, FPD1, FPD2, M1, ND1, ND2, PT1, PT2, RM1","S"
"Sitec Pty Ltd","https://webapps.vicroads.vic.gov.au/vrne/prequal.nsf/b5fea222939e6f00ca25783e000334ef/aac446e516e46d75ca258518008196aa?OpenDocument","Fresh","2026-01-21 16:06:32","Sitec Pty Ltd","184 Fairy Street, WARRNAMBOOL VIC 3280","Mr Stuart Titmus","Director","0427 629 661","""As Above"", &nbsp","stuart@sitecvic.com.au",,"ROAD, RR","S"
"SJE Consulting Pty Ltd","https://webapps.vicroads.vic.gov.au/vrne/prequal.nsf/b5fea222939e6f00ca25783e000334ef/9d348ed4a2d06d8eca2589b2000b37ab?OpenDocument","Fresh","2026-01-21 16:06:32","SJE Consulting Pty Ltd","613 Plenty Road, PRESTON VIC 3072","Mrs Christie Fisher","Civil Engineer/ Senior Design Engineer","0439 112 515","391 Townsend Street, ALBURY NSW &nbsp","cfisher@sje.com.au",,"H-SIMPLE, ROAD, RR, SH","S"
"SJP Electrics Pty Ltd","https://webapps.vicroads.vic.gov.au/vrne/prequal.nsf/b5fea222939e6f00ca25783e000334ef/3531b41a9e5fad54ca25792f007ec357?OpenDocument","Fresh","2026-01-21 16:06:33","SJP Electrics Pty Ltd","6 Sir Leo Curtis Drive, WANDONG 3758","Mr Stuart Patton","Director","0417 571 002","P O Box 296, Whittlesea VIC 3757&nbsp","stuart@sjpelectrics.com.au",,"SSLC, STCE, STS, STS1, STS2","S"
"Slattery Australia Pty Ltd","https://webapps.vicroads.vic.gov.au/vrne/prequal.nsf/b5fea222939e6f00ca25783e000334ef/99d846e7f9f7affbca257c590002f103?OpenDocument","Fresh","2026-01-21 16:06:34","Slattery Australia Pty Ltd","Level 14, 160 Queen Street, Melbourne, VIC 3000","Mr Sarah Slattery","Director",,"""As Above"", &nbsp","melbourne@slattery.com.au",,"CE, COST","S"
"Slingo Earthmoving Pty Ltd","https://webapps.vicroads.vic.gov.au/vrne/prequal.nsf/b5fea222939e6f00ca25783e000334ef/9423b6222ce090a4ca257cdd0006a966?OpenDocument","Fresh","2026-01-21 16:06:34","Slingo Earthmoving Pty Ltd","Lot 28A McKenzies Hill, Castlemaine VIC 3450","Mr Dean Slingo","Managing Director","0417 032 621","PO Box 1250, Castlemaine VIC 3450&nbsp","office@slingoearthmoving.com.au",,"B1, F010, R2","S"
"SLR Consulting Group (Previously Heggies Pty Ltd)","https://webapps.vicroads.vic.gov.au/vrne/prequal.nsf/b5fea222939e6f00ca25783e000334ef/a215f34875b6c32fca256d0a00075dd9?OpenDocument","Fresh","2026-01-21 16:06:35","SLR Consulting Group (Previously Heggies Pty Ltd)","Suite 2 / 2 Domville Avenue, HAWTHORN VIC 3122","Mr Gustaf Reutersward","Melbourne Office Manager","0412 052 622","""As Above""&nbsp","melbourne@slrconsulting.com",,"AIR, AQMD, E-AQMD, E-NMD, NMD","S"
"SMEC Australia Pty Ltd","https://webapps.vicroads.vic.gov.au/vrne/prequal.nsf/b5fea222939e6f00ca25783e000334ef/caadd87cc0a014c9ca256d0a0007612c?OpenDocument","Fresh","2026-01-21 16:06:35","SMEC Australia Pty Ltd","Collins Square, Tower 4,, 727 Collins Street, MELBOURNE VIC 3008","Mr George Eleftheriadis","Manager ? Roads and Highways","0403 052 785","PO Box 23027, DOCKLANDS VIC 8012&nbsp","george.eleftheriadis@smec.com",,"AFF, AND, CH, CS, DBS, DES, DMR, DSD, EA, E-AFF, E-EMS, EMS, E-TFL, FD, FPD1, FPD2, FPR, GAIN, GT, GT-DES, GT-GWH, GT-INV, GT-PRE, GWH, HC, H-COMPLEX, H-SIMPLE, INV, LAND, LVI, M2, M3, M4, ND1, ND2, ND3, NET, PAM, PE, PNM, PRE, PRN, PRS, PSAD, PSAM, RM2, RM3, RM4, ROAD, RPD, RPR, RR, SH, SS, ST, STRUCTURES-COMPLEX, STRUCTURES-SIMPLE, TAR, TCA, TFL, TLD, TM, TOF, TOS, TPF, TSD, TSM, TTF, UR, USE, WSRD","S"
"Smith &amp; Wil Asphalting Pty Ltd","https://webapps.vicroads.vic.gov.au/vrne/prequal.nsf/b5fea222939e6f00ca25783e000334ef/e53ea4e12d031534ca257d7e001fbe86?OpenDocument","Fresh","2026-01-21 16:06:36","Smith & Wil Asphalting Pty Ltd","46 Giles Road, MOUNT ROWAN VIC 3352","Mrs Robyn Smithson","Office Manager","0427 327 658","""As Above"", &nbsp","robyn@smithwil.com","Maintenance: Maintenance Pavements (M2-PW)","M2-PW, PW","S"
"South Gippsland Shire Council","https://webapps.vicroads.vic.gov.au/vrne/prequal.nsf/b5fea222939e6f00ca25783e000334ef/de5be431fa48334aca257b4700160869?OpenDocument","Fresh","2026-01-21 16:06:37","South Gippsland Shire Council","9 Smith Street, Leongatha, VIC 3953","Mr Fred Huitema","Operations Manager","0428 821 279","Private Bag 4, Leongatha, VIC 3953&nbsp","council@southgippsland.vic.gov.au",,,"S"
"Southern Highway Services**","https://webapps.vicroads.vic.gov.au/vrne/prequal.nsf/b5fea222939e6f00ca25783e000334ef/6c2fd17a841dea08ca258d080000f519?OpenDocument","Fresh","2026-01-21 16:06:37","Line Marking Services Victoria Pty Ltd","17-21 Grayling Street, BELMONT VIC 3216","Mr Wayne Robertson","Managing Director","0412 469 779","PO Box 790, BELMONT VIC 3216&nbsp","Wayne@southernhighway.com.au","Maintenance: Maintenance Works-Minor (M1); General Works: Linemarking (G2-LM), Sign Erection-Major (G2-SE)","ERECTION-MAJOR, LM, M1, SE, SIGN, WORKS-MINOR","S"
"Southwest Traffic Control Pty","https://webapps.vicroads.vic.gov.au/vrne/prequal.nsf/b5fea222939e6f00ca25783e000334ef/610e3588c686857fca258053001302f9?OpenDocument","Fresh","2026-01-21 16:06:38","Southwest Traffic Control Pty","129 Curdievale Road, TIMBOON VIC 3268","Miss Anna Maloney","Operations Manager","0458 844191","""As Above"", &nbsp","ops@swtraffic.com.au",,,"S"
"Spiire Australia Pty Ltd","https://webapps.vicroads.vic.gov.au/vrne/prequal.nsf/b5fea222939e6f00ca25783e000334ef/e1a34d63113dd3ecca257c9b0006c007?OpenDocument","Fresh","2026-01-21 16:06:38","Spiire Australia Pty Ltd","Level 6, 414 La Trobe Street, MELBOURNE, VIC 3000","Mr Zoran Dimovski","Systems Manager",,"P O Box 16084 , MELBOURNE, VIC 8007&nbsp","Zoran.Dimovski@spiire.com.au",,"AND, CH, H-COMPLEX, H-SIMPLE, LVI, PSAD, ROAD, RR, SH, UR","S"
"Spotters Australia Pty Ltd","https://webapps.vicroads.vic.gov.au/vrne/prequal.nsf/b5fea222939e6f00ca25783e000334ef/5cfd042c9ac345bcca257c580005e20c?OpenDocument","Fresh","2026-01-21 16:06:39","Spotters Australia Pty Ltd","255 Point Cook Road, Point Cook, VIC 3030","Mr Ray Castellin","Operations Manager","0418 399 710","""As Above"", &nbsp","info@spottersau.com.au",,,"S"
"Spotto Consulting Pty Ltd","https://webapps.vicroads.vic.gov.au/vrne/prequal.nsf/b5fea222939e6f00ca25783e000334ef/ad2bee83edcd89eeca2585c300159ef6?OpenDocument","Fresh","2026-01-21 16:06:40","Spotto Consulting Pty Ltd","9 Belah Court, THURGOONA NSW","Mr Steve Swann","Director","0455 11 77 82","""As Above"", &nbsp","hello@spottoconsulting.com.au",,"PAM, PRS, ROAD, TAR, TSD, TTF","S"
"SprayLine Road Services","https://webapps.vicroads.vic.gov.au/vrne/prequal.nsf/b5fea222939e6f00ca25783e000334ef/b4b1af2c1a928181ca256d0b00171ee8?OpenDocument","Fresh","2026-01-21 16:06:40","SprayLine Road Services","26 Fowler Road, DANDENONG VIC 3175","Mr Trevor New","State Manager","0418 504 376","""As Above""&nbsp","admin@sprayline.com.au","Maintenance: Maintenance Bridges (M2-BW), Maintenance Pavements (M2-PW), Maintenance Roadsides (M2-RW), Maintenance Works-Minor (M1); General Works: General Works-Minor (G1), Linemarking (G2-LM), Road Surfacing Sprayed Seal (G2-RSS)","B1, BW, F050, LM, M1, M2-BW, M2-PW, M2-RW, PW, R2, ROAD, RSS, RW, SEAL, WORKS-MINOR","S"
"SR Excavations Pty Ltd","https://webapps.vicroads.vic.gov.au/vrne/prequal.nsf/b5fea222939e6f00ca25783e000334ef/264ad95970a79eafca257ee600166734?OpenDocument","Fresh","2026-01-21 16:06:41","SR Excavations Pty Ltd","5/24 -26 Boys Home Road, NEWHAVEN VIC 3925","Mr Bradley John Hewton","Director/Public Officer","0429 598 819","""As Above"", &nbsp","admin@srexcavations.com.au",,,"S"
"SRG Global Civil Pty Ltd","https://webapps.vicroads.vic.gov.au/vrne/prequal.nsf/b5fea222939e6f00ca25783e000334ef/7b6a65d4bceeb4d7ca2584b70080c466?OpenDocument","Fresh","2026-01-21 16:06:41","SRG Global Civil Pty Ltd","Level 2, 500 Hay Street, Sydney NSW 2000","Mr Dominic Beeson","Group Compliance Manager","0420 269 376","Level 4/56 Pitt Street, 6008&nbsp","dominic.beeson@srgglobal.com.au",,"B4, F150+, R5","S"
"STA Traffic Management Pty Ltd","https://webapps.vicroads.vic.gov.au/vrne/prequal.nsf/b5fea222939e6f00ca25783e000334ef/9b35ae9724714c6aca2573af00044a75?OpenDocument","Fresh","2026-01-21 16:06:42","STA Traffic Management Pty Ltd","224 Whitehall Road, YARRAVILLE VIC 3013","Mr Jean-Paul Cellier","Managing Director","0418 808 809","PO BOX 386, YARRAVILLE VIC 3013&nbsp","sta@statraffic.com.au",,,"S"
"Stabilised Pavements of Australia Pty Ltd","https://webapps.vicroads.vic.gov.au/vrne/prequal.nsf/b5fea222939e6f00ca25783e000334ef/e44a0c5464d1df7aca25736200255b1c?OpenDocument","Fresh","2026-01-21 16:06:43","Stabilised Pavements of Australia Pty Ltd","59 Yellowbox Drive, CRAIGEBURN VIC 3064","Mr Daniel Orriss","Executive General Manager","0429 820 253","PO Box 616, CRAIGEBURN VIC 3064&nbsp","dorriss@stabilis.com.au",,"B1, F100, FPD1, FPD2, M1, M2, ND1, ND2, R3, RM1, RM2","S"
"Stadelmann Earthmoving Civil  &amp; Plant Hire**","https://webapps.vicroads.vic.gov.au/vrne/prequal.nsf/b5fea222939e6f00ca25783e000334ef/c79a1d596c3eba08ca256d0b00171fec?OpenDocument","Fresh","2026-01-21 16:06:43","Stadelmann Enterprises Pty Ltd","336 Back Germantown Road, BRIGHT VIC 3741","Mr Harald K Stadelmann","Director","0419 406 318 or 0418 458 331","PO Box 102 , BRIGHT VIC 3741&nbsp","armstad@bigpond.com","Maintenance: Maintenance Bridges (M2-BW), Maintenance Pavements (M2-PW), Maintenance Roadsides (M2-RW)","BW, M2-BW, M2-PW, M2-RW, PW, RW","S"
"Stantec Australia Pty Ltd","https://webapps.vicroads.vic.gov.au/vrne/prequal.nsf/b5fea222939e6f00ca25783e000334ef/260de1a496a9afc4ca2582180007ae97?OpenDocument","Fresh","2026-01-21 16:06:44","Stantec Australia Pty Ltd","Level 28, 600 Bourke Street, MELBOURNE VIC 3000","Mr Marco Vargas","Group Leader / Senior Principal Engineer","0411 961 816","""As Above"", &nbsp",,,"CH, CS, DBS, DES, FD, FPD1, FPD2, GT, GT-DES, GT-GWH, GT-INV, GWH, HC, H-COMPLEX, H-SIMPLE, INV, LAND, M1, M2, ND1, ND2, PAM, PE, PNM, PRL, PRN, PRS, RISK, RM, RM1, RM2, ROAD, RR, SH, SS, ST, STRUCTURES-COMPLEX, STRUCTURES-SIMPLE, TAR, TCA, TLD, TM, TMC, TOF, TOS, TPF, TSD, TSM, TTF, UR, USE, WSRD","S"
"State Plant Hire Pty Ltd","https://webapps.vicroads.vic.gov.au/vrne/prequal.nsf/b5fea222939e6f00ca25783e000334ef/ddd14640d649d5f3ca257a370027b168?OpenDocument","Fresh","2026-01-21 16:06:45","State Plant Hire Pty Ltd","293 South Gippsland Highway, Dandenong South, VIC 3164","Ms Debbie Murray","Operations Manager","0407 509 740","P O Box 4226, Dandenong South, VIC 3164&nbsp","stateplanthire1@bigpond.com","Maintenance: Maintenance Pavements (M2-PW), Maintenance Roadsides (M2-RW); General Works: General Works-Minor (G1), Grass Cutting (G2-GC), Landscaping (G2-LS)","GC, LS, M2-PW, M2-RW, PW, RW, WORKS-MINOR","S"
"Statewide River &amp; Stream Management Pty Ltd","https://webapps.vicroads.vic.gov.au/vrne/prequal.nsf/b5fea222939e6f00ca25783e000334ef/6e52c07d487bd5e5ca25778b008271f7?OpenDocument","Fresh","2026-01-21 16:06:45","Statewide River & Stream Management Pty Ltd","293 South Gippsalnd Highway, Dandenong South Vic 3164","Mr Ken Fraser","Environmental Projects Manager","0418 526 444","PO Box 4226 , Dandenong South Vic 3164&nbsp","kfraser@statewiderivers.com",,"EAC, E-EAC, E-EMS, EMS","S"
"Stealth Traffic Management Pty Ltd","https://webapps.vicroads.vic.gov.au/vrne/prequal.nsf/b5fea222939e6f00ca25783e000334ef/c1afa42b2562cf4dca2581e000191419?OpenDocument","Fresh","2026-01-21 16:06:46","Stealth Traffic Management Pty Ltd","43 Mowbray Street, MAWSON LAKES SA 5095","Ms Patsy Smith","Director","0430041045","""As Above"", &nbsp","operations@stealthtrafficmanagement.com.au",,,"S"
"Steller Traffic Pty Ltd","https://webapps.vicroads.vic.gov.au/vrne/prequal.nsf/b5fea222939e6f00ca25783e000334ef/5944ef789584a68bca258251001b94f7?OpenDocument","Fresh","2026-01-21 16:06:46","Steller Traffic Pty Ltd","840 Dandenong Road, CAUFIELD EAST VIC 3145","Mr Stavros Arberoris","Manager","0409 023 643","""As Above"", &nbsp","traffic@steller.com.au",,,"S"
"Sterling**","https://webapps.vicroads.vic.gov.au/vrne/prequal.nsf/b5fea222939e6f00ca25783e000334ef/261d6a2c662bb990ca2583af0013ee26?OpenDocument","Fresh","2026-01-21 16:06:47","Sterling Infrastructure Pty Ltd","105 Bakehouse Road, KENSINGTON VIC 3331","Mr Daniel McLeish","Asset Management Program Lead","0473 862 933","""As Above"", &nbsp","d.mcleish@sterling.com.au",,"BI2, SS, STRUCTURES-SIMPLE","S"
"Stowe Australia Pty Limited","https://webapps.vicroads.vic.gov.au/vrne/prequal.nsf/b5fea222939e6f00ca25783e000334ef/00658b5287c28cacca2585c400038432?OpenDocument","Fresh","2026-01-21 16:06:48","Stowe Australia Pty Limited","115-119 Salmon Street, PORT MELBOURNE VIC 3207","Mr Jim Thompson","Operations Manager","0412 803 824","""As Above"", &nbsp","Jim.thompson@stoweaustralia.com.au",,"SCTV, STCE","S"
"Streamline Research Pty Ltd","https://webapps.vicroads.vic.gov.au/vrne/prequal.nsf/b5fea222939e6f00ca25783e000334ef/5044dcca355c122eca257bbb002662a4?OpenDocument","Fresh","2026-01-21 16:06:48","Streamline Research Pty Ltd","83 Orchard Avenue, Eltham North, VIC 3095","Mr John McGuckin","Director / Principal Scientist",,"""As Above"", &nbsp","jmcguckin@streamresearch.net",,"AFF, E-AFF","S"
"Streetworks Pty Ltd","https://webapps.vicroads.vic.gov.au/vrne/prequal.nsf/b5fea222939e6f00ca25783e000334ef/91249bf70de5520bca256d0b001721bd?OpenDocument","Fresh","2026-01-21 16:06:49","Streetworks Pty Ltd","45 Commercial Drive, PAKENHAM VIC 3810","Mr John Ahern","Director",,"PO Box 98, PAKENHAM VIC 3810&nbsp","streetworks@streetworks.com.au",,"F050, R2","S"
"StrucSure Consulting**","https://webapps.vicroads.vic.gov.au/vrne/prequal.nsf/b5fea222939e6f00ca25783e000334ef/16a14099efbf758dca25874b00816234?OpenDocument","Fresh","2026-01-21 16:06:50","StrucSure Pty Ltd","2 Glen Orme Avenue, MCKINNON VIC 3204","Mr Paul Holles","Director","0439 036 442","""As Above"", &nbsp","paulh@strucsure.com.au",,"SS, STRUCTURES-SIMPLE","S"
"St. Quentin Pty Ltd","https://webapps.vicroads.vic.gov.au/vrne/prequal.nsf/b5fea222939e6f00ca25783e000334ef/bbca05ef5e36d12dca25772f00225d4a?OpenDocument","Fresh","2026-01-21 16:06:50","St. Quentin Pty Ltd","51 little Fyans Street, South GEELONG VIC 3220","Mr David Bolton","Engineering Manager","0476 904 494","PO Box 919, GEELONG VIC 3220&nbsp","david@stqc.com.au",,"ROAD, RR","S"
"Summerhill Maintenance Services Pty Ltd","https://webapps.vicroads.vic.gov.au/vrne/prequal.nsf/b5fea222939e6f00ca25783e000334ef/1a32242015061c8fca25754500220867?OpenDocument","Fresh","2026-01-21 16:06:51","Summerhill Maintenance Services Pty Ltd","37 -39 Access Way, CARRUM DOWNS VIC 3201","Mr Peder Haugen","Director","0407 754 917","""As Above"", &nbsp","peder@summerhillservices.com.au","General Works: Guardfence (G2-GF), Noise Wall (G2-NW), Sign Erection-Major (G2-SE)","ERECTION-MAJOR, GF, NW, SE, SIGN, WALL","S"
"Supalux Linemarking Pty Ltd","https://webapps.vicroads.vic.gov.au/vrne/prequal.nsf/b5fea222939e6f00ca25783e000334ef/94b63360bb962b55ca257d2a00055767?OpenDocument","Fresh","2026-01-21 16:06:51","Supalux Linemarking Pty Ltd","55 Assembly Drive, DANDENONG SOUTH VIC 3175","Mr John Mould","Contracts Manager","0407 023 178","PO BOX 158, DOVETON VIC 3177&nbsp","info@supalux.com.au","General Works: Linemarking (G2-LM)","LM","S"
"Super Gardens**","https://webapps.vicroads.vic.gov.au/vrne/prequal.nsf/b5fea222939e6f00ca25783e000334ef/e69f251163830060ca257bb30003db1b?OpenDocument","Fresh","2026-01-21 16:06:52","Super Gardens Pty Ltd","27 Glenvale Crescent , MULGRAVE, VIC 3170","Mr Andrew Grasby","Director","0419 311 066","P O BOX 682, MULGRAVE, VIC 3170&nbsp","admin@supergardens.com.au","General Works: General Works-Minor (G1), Grass Cutting (G2-GC), Landscaping (G2-LS)","GC, LS, WORKS-MINOR","S"
"SuperSealing**","https://webapps.vicroads.vic.gov.au/vrne/prequal.nsf/b5fea222939e6f00ca25783e000334ef/d708335b8951f307ca25759b0025f526?OpenDocument","Fresh","2026-01-21 16:06:53","SuperSealing Pty Ltd","18 Wadhurst Drive, BORONIA VIC 3155","Mr Ben Reiter","CEO","0402 041 908","PO BOX 2284 , BAYSWATER VIC 3153&nbsp","supersealing@supersealing.com.au","Maintenance: Maintenance Roadsides (M2-RW), Maintenance Works-Minor (M1); General Works: General Works-Minor (G1)","M1, M2-RW, RW, WORKS-MINOR","S"
"Sure Constructions (Vic) Pty Ltd","https://webapps.vicroads.vic.gov.au/vrne/prequal.nsf/b5fea222939e6f00ca25783e000334ef/d6fb7b6315ffbba1ca256f3200080f36?OpenDocument","Fresh","2026-01-21 16:06:53","Sure Constructions (Vic) Pty Ltd","9 Burke Street, WARRAGUL VIC 3820","Mr Mario Monacella","General Manager","0409 259 963","PO Box 350, WARRAGUL VIC 3820&nbsp","info@sureconstructions.com.au","Maintenance: Maintenance Bridges (M2-BW), Maintenance Pavements (M2-PW), Maintenance Roadsides (M2-RW)","BW, F015, M2-BW, M2-PW, M2-RW, PW, R2, RW","S"
"Swan Hill Rural City Council","https://webapps.vicroads.vic.gov.au/vrne/prequal.nsf/b5fea222939e6f00ca25783e000334ef/b27223788e47c3adca257b08000921db?OpenDocument","Fresh","2026-01-21 16:06:54","Swan Hill Rural City Council","45 Splatt Street, Swan Hill, VIC 3583","Mr Dallas Free","Works Manager","0419 754 181","P O Box 488, Swan Hill, VIC 3585&nbsp","council@swanhill.vic.gov.au",,,"S"
"SWEETT (AUSTRALIA) PTY LTD","https://webapps.vicroads.vic.gov.au/vrne/prequal.nsf/b5fea222939e6f00ca25783e000334ef/a26a24d86b1732ebca257c630017c375?OpenDocument","Fresh","2026-01-21 16:06:54","SWEETT (AUSTRALIA) PTY LTD","Level 2, 179 Queen Street, Melbourne, VIC 3000","Mr Ray Bongiomo","Director","0408 518 655","""As Above"", &nbsp","ray.bongiomo@sweettgroup.com",,"PSAD","S"
"Symal Infrastructure Pty Ltd","https://webapps.vicroads.vic.gov.au/vrne/prequal.nsf/b5fea222939e6f00ca25783e000334ef/2ed9427292531f20ca2585ce000c121b?OpenDocument","Fresh","2026-01-21 16:06:55","Symal Infrastructure Pty Ltd","C/- Pitcher Partners, Level 13, 664 Collins Street, DOCKLANDS VIC 3008","Ms Sandra Costanzo","Company Secretary","1800314659","208-210 Hall Street, SPOTSWOOD VIC 3015 &nbsp","info@symal.com.au",,"B3, F150+, R4","S"
"Symon Bros Constructions VIC Pty Ltd","https://webapps.vicroads.vic.gov.au/vrne/prequal.nsf/b5fea222939e6f00ca25783e000334ef/25bf244dd6ef3f7fca256d0b001723ec?OpenDocument","Fresh","2026-01-21 16:06:56","Symon Bros Constructions VIC Pty Ltd","146-150 Mahoneys Road, THOMASTOWN VIC 3074","Mr Patrick Simonelli","Manager","0418 557 859","PO BOX 218, THOMASTOWN VIC 3074&nbsp","patrick@symonbros.com.au",,"B1, F100, R2","S"
"Synergy Traffic Management Pty Ltd","https://webapps.vicroads.vic.gov.au/vrne/prequal.nsf/b5fea222939e6f00ca25783e000334ef/231cd7329052f727ca2583fc007daff4?OpenDocument","Fresh","2026-01-21 16:06:56","Synergy Traffic Management Pty Ltd","13 Kialla Lakes Drive,, KIALLA VIC 3631","Mr Dylan King","Supervisor","0447 929 525","PO Box 506, SHEPPARTON VIC 3632&nbsp","admin@synergytrafficman.com.au",,,"S"
"Szabolics Construction Pty Ltd","https://webapps.vicroads.vic.gov.au/vrne/prequal.nsf/b5fea222939e6f00ca25783e000334ef/85590328efb7a538ca257eec001be815?OpenDocument","Fresh","2026-01-21 16:06:57","Szabolics Construction Pty Ltd","29 Barton Street, WEST WODONGA VIC 3690","Mr Walter Szabolics","Director","0418 698 859","29 Barton Street, WODONGA VIC 3690&nbsp","wally@szabolicsconstruction.com",,"F005, R1","S"
"S&amp;R Engineering and Construction PTY LTD","https://webapps.vicroads.vic.gov.au/vrne/prequal.nsf/b5fea222939e6f00ca25783e000334ef/b0b0c1ebdc3f54e3ca258779007d9bc1?OpenDocument","Fresh","2026-01-21 16:06:57","S&R Engineering and Construction PTY LTD","6 Nolan Street, EAST BENDIGO VIC 3551","Mr Shaun Finnigan","Director","0417 512 619","""As Above"", &nbsp","shaun.finnigan@sandr.com.au",,,"S"
"S.H.A.E Enterprises Pty Ltd","https://webapps.vicroads.vic.gov.au/vrne/prequal.nsf/b5fea222939e6f00ca25783e000334ef/b71e4ed40e74ada6ca25880e001352f8?OpenDocument","Fresh","2026-01-21 16:06:58","S.H.A.E Enterprises Pty Ltd","12 Neerim Crescent, MITCHELL PARK VIC 3355","Mr Nick Hayes",,"0427 805 960","PO Box 247, WENDOUREE VIC 3355&nbsp","nick@shaeenterprises.com.au","General Works: Landscaping (G2-LS)","LS","S"
